"rt.1D";"rt.2D";"adjusted";"rt.2D.adjusted";"compound";"filename";"formula";"halogens";"similarity";"reverse.similarity";"category.1";"category.2";"category.3";"category.4";"sample";"instrument";"comment"
1339.5;1.422;"FALSE";1.422;"PCB (4Cl) - not included in this library";"NA";"C12H6Cl4";"chlorinated";;;"anthropogenic";"PCB";"Reference Database MS";"NA";"Delphinus delphis blubber, Atlantic Ocean, 2006";"GCxGC-TOF, electron impact";
1339.5;1.324;"FALSE";1.324;"PCB (4Cl) - not included in this library";"NA";"C12H6Cl4";"chlorinated";;;"anthropogenic";"PCB";"Reference Database MS";"NA";"Delphinus delphis blubber, Atlantic Ocean, 2006";"GCxGC-TOF, electron impact";
1350;1.576;"FALSE";1.576;"PCB (4Cl) - not included in this library";"NA";"C12H6Cl4";"chlorinated";;;"anthropogenic";"PCB";"Reference Database MS";"NA";"Delphinus delphis blubber, Atlantic Ocean, 2006";"GCxGC-TOF, electron impact";
1367.5;1.132;"FALSE";1.132;"PCB (4Cl) - not included in this library";"NA";"C12H6Cl4";"chlorinated";;;"anthropogenic";"PCB";"Reference Database MS";"NA";"Delphinus delphis blubber, Atlantic Ocean, 2006";"GCxGC-TOF, electron impact";
1374.5;1.279;"FALSE";1.279;"PCB (4Cl) - not included in this library";"NA";"C12H6Cl4";"chlorinated";;;"anthropogenic";"PCB";"Reference Database MS";"NA";"Delphinus delphis blubber, Atlantic Ocean, 2006";"GCxGC-TOF, electron impact";
1381.5;1.086;"FALSE";1.086;"PCB (4Cl) - not included in this library";"NA";"C12H6Cl4";"chlorinated";;;"anthropogenic";"PCB";"Reference Database MS";"NA";"Delphinus delphis blubber, Atlantic Ocean, 2006";"GCxGC-TOF, electron impact";
1388.5;1.452;"FALSE";1.452;"PCB (4Cl) - not included in this library";"NA";"C12H6Cl4";"chlorinated";;;"anthropogenic";"PCB";"Reference Database MS";"NA";"Delphinus delphis blubber, Atlantic Ocean, 2006";"GCxGC-TOF, electron impact";
1402.5;1.42;"FALSE";1.42;"PCB (4Cl) - not included in this library";"NA";"C12H6Cl4";"chlorinated";;;"anthropogenic";"PCB";"Reference Database MS";"NA";"Delphinus delphis blubber, Atlantic Ocean, 2006";"GCxGC-TOF, electron impact";
1413;1.737;"FALSE";1.737;"PCB (4Cl) - not included in this library";"NA";"C12H6Cl4";"chlorinated";;;"anthropogenic";"PCB";"Reference Database MS";"NA";"Delphinus delphis blubber, Atlantic Ocean, 2006";"GCxGC-TOF, electron impact";
1430.5;1.25;"FALSE";1.25;"PCB (4Cl) - not included in this library";"NA";"C12H6Cl4";"chlorinated";;;"anthropogenic";"PCB";"Reference Database MS";"NA";"Delphinus delphis blubber, Atlantic Ocean, 2006";"GCxGC-TOF, electron impact";
1462;1.62;"FALSE";1.62;"PCB (4Cl) - not included in this library";"NA";"C12H6Cl4";"chlorinated";;;"anthropogenic";"PCB";"Reference Database MS";"NA";"Delphinus delphis blubber, Atlantic Ocean, 2006";"GCxGC-TOF, electron impact";
1416.5;1.2;"FALSE";1.2;"PCB (5Cl) - not included in this library";"NA";"C12H5Cl5";"chlorinated";;;"anthropogenic";"PCB";"Reference Database MS";"NA";"Delphinus delphis blubber, Atlantic Ocean, 2006";"GCxGC-TOF, electron impact";
1420;1.02;"FALSE";1.02;"PCB (5Cl) - not included in this library";"NA";"C12H5Cl5";"chlorinated";;;"anthropogenic";"PCB";"Reference Database MS";"NA";"Delphinus delphis blubber, Atlantic Ocean, 2006";"GCxGC-TOF, electron impact";
1427;1.339;"FALSE";1.339;"PCB (5Cl) - not included in this library";"NA";"C12H5Cl5";"chlorinated";;;"anthropogenic";"PCB";"Reference Database MS";"NA";"Delphinus delphis blubber, Atlantic Ocean, 2006";"GCxGC-TOF, electron impact";
1437.5;1.632;"FALSE";1.632;"PCB (5Cl) - not included in this library";"NA";"C12H5Cl5";"chlorinated";;;"anthropogenic";"PCB";"Reference Database MS";"NA";"Delphinus delphis blubber, Atlantic Ocean, 2006";"GCxGC-TOF, electron impact";
1441;1.46;"FALSE";1.46;"PCB (5Cl) - not included in this library";"NA";"C12H5Cl5";"chlorinated";;;"anthropogenic";"PCB";"Reference Database MS";"NA";"Delphinus delphis blubber, Atlantic Ocean, 2006";"GCxGC-TOF, electron impact";
1472.5;1.315;"FALSE";1.315;"PCB (5Cl) - not included in this library";"NA";"C12H5Cl5";"chlorinated";;;"anthropogenic";"PCB";"Reference Database MS";"NA";"Delphinus delphis blubber, Atlantic Ocean, 2006";"GCxGC-TOF, electron impact";
1455;1.098;"FALSE";1.098;"PCB (6Cl) - not included in this library";"NA";"C12H4Cl6";"chlorinated";;;"anthropogenic";"PCB";"Reference Database MS";"NA";"Delphinus delphis blubber, Atlantic Ocean, 2006";"GCxGC-TOF, electron impact";
1479.5;1.473;"FALSE";1.473;"PCB (6Cl) - not included in this library";"NA";"C12H4Cl6";"chlorinated";;;"anthropogenic";"PCB";"Reference Database MS";"NA";"Delphinus delphis blubber, Atlantic Ocean, 2006";"GCxGC-TOF, electron impact";
1511;1.761;"FALSE";1.761;"PCB (6Cl) - not included in this library";"NA";"C12H4Cl6";"chlorinated";;;"anthropogenic";"PCB";"Reference Database MS";"NA";"Delphinus delphis blubber, Atlantic Ocean, 2006";"GCxGC-TOF, electron impact";
1525;1.424;"FALSE";1.424;"PCB (6Cl) - not included in this library";"NA";"C12H4Cl6";"chlorinated";;;"anthropogenic";"PCB";"Reference Database MS";"NA";"Delphinus delphis blubber, Atlantic Ocean, 2006";"GCxGC-TOF, electron impact";
1532;1.545;"FALSE";1.545;"PCB (6Cl) - not included in this library";"NA";"C12H4Cl6";"chlorinated";;;"anthropogenic";"PCB";"Reference Database MS";"NA";"Delphinus delphis blubber, Atlantic Ocean, 2006";"GCxGC-TOF, electron impact";
1549.5;1.078;"FALSE";1.078;"PCB (6Cl) - not included in this library";"NA";"C12H4Cl6";"chlorinated";;;"anthropogenic";"PCB";"Reference Database MS";"NA";"Delphinus delphis blubber, Atlantic Ocean, 2006";"GCxGC-TOF, electron impact";
1556.5;1.216;"FALSE";1.216;"PCB (6Cl) - not included in this library";"NA";"C12H4Cl6";"chlorinated";;;"anthropogenic";"PCB";"Reference Database MS";"NA";"Delphinus delphis blubber, Atlantic Ocean, 2006";"GCxGC-TOF, electron impact";
1560;1.337;"FALSE";1.337;"PCB (6Cl) - not included in this library";"NA";"C12H4Cl6";"chlorinated";;;"anthropogenic";"PCB";"Reference Database MS";"NA";"Delphinus delphis blubber, Atlantic Ocean, 2006";"GCxGC-TOF, electron impact";
1581;1.536;"FALSE";1.536;"PCB (6Cl) - not included in this library";"NA";"C12H4Cl6";"chlorinated";;;"anthropogenic";"PCB";"Reference Database MS";"NA";"Delphinus delphis blubber, Atlantic Ocean, 2006";"GCxGC-TOF, electron impact";
1598.5;1.566;"FALSE";1.566;"PCB (6Cl) - not included in this library";"NA";"C12H4Cl6";"chlorinated";;;"anthropogenic";"PCB";"Reference Database MS";"NA";"Delphinus delphis blubber, Atlantic Ocean, 2006";"GCxGC-TOF, electron impact";
1623;1.42;"FALSE";1.42;"PCB (6Cl) - not included in this library";"NA";"C12H4Cl6";"chlorinated";;;"anthropogenic";"PCB";"Reference Database MS";"NA";"Delphinus delphis blubber, Atlantic Ocean, 2006";"GCxGC-TOF, electron impact";
1626.5;1.939;"FALSE";1.939;"PCB (6Cl) - not included in this library";"NA";"C12H4Cl6";"chlorinated";;;"anthropogenic";"PCB";"Reference Database MS";"NA";"Delphinus delphis blubber, Atlantic Ocean, 2006";"GCxGC-TOF, electron impact";
1647.5;1.737;"FALSE";1.737;"PCB (6Cl) - not included in this library";"NA";"C12H4Cl6";"chlorinated";;;"anthropogenic";"PCB";"Reference Database MS";"NA";"Delphinus delphis blubber, Atlantic Ocean, 2006";"GCxGC-TOF, electron impact";
1651;1.846;"FALSE";1.846;"PCB (6Cl) - not included in this library";"NA";"C12H4Cl6";"chlorinated";;;"anthropogenic";"PCB";"Reference Database MS";"NA";"Delphinus delphis blubber, Atlantic Ocean, 2006";"GCxGC-TOF, electron impact";
1549.5;1.394;"FALSE";1.394;"PCB (7Cl) - not included in this library";"NA";"C12H3Cl7";"chlorinated";;;"anthropogenic";"PCB";"Reference Database MS";"NA";"Delphinus delphis blubber, Atlantic Ocean, 2006";"GCxGC-TOF, electron impact";
1584.5;1.714;"FALSE";1.714;"PCB (7Cl) - not included in this library";"NA";"C12H3Cl7";"chlorinated";;;"anthropogenic";"PCB";"Reference Database MS";"NA";"Delphinus delphis blubber, Atlantic Ocean, 2006";"GCxGC-TOF, electron impact";
1598.5;1.337;"FALSE";1.337;"PCB (7Cl) - not included in this library";"NA";"C12H3Cl7";"chlorinated";;;"anthropogenic";"PCB";"Reference Database MS";"NA";"Delphinus delphis blubber, Atlantic Ocean, 2006";"GCxGC-TOF, electron impact";
1616;1.413;"FALSE";1.413;"PCB (7Cl) - not included in this library";"NA";"C12H3Cl7";"chlorinated";;;"anthropogenic";"PCB";"Reference Database MS";"NA";"Delphinus delphis blubber, Atlantic Ocean, 2006";"GCxGC-TOF, electron impact";
1626.5;1.541;"FALSE";1.541;"PCB (7Cl) - not included in this library";"NA";"C12H3Cl7";"chlorinated";;;"anthropogenic";"PCB";"Reference Database MS";"NA";"Delphinus delphis blubber, Atlantic Ocean, 2006";"GCxGC-TOF, electron impact";
1630;1.743;"FALSE";1.743;"PCB (7Cl) - not included in this library";"NA";"C12H3Cl7";"chlorinated";;;"anthropogenic";"PCB";"Reference Database MS";"NA";"Delphinus delphis blubber, Atlantic Ocean, 2006";"GCxGC-TOF, electron impact";
1637;1.862;"FALSE";1.862;"PCB (7Cl) - not included in this library";"NA";"C12H3Cl7";"chlorinated";;;"anthropogenic";"PCB";"Reference Database MS";"NA";"Delphinus delphis blubber, Atlantic Ocean, 2006";"GCxGC-TOF, electron impact";
1644;1.875;"FALSE";1.875;"PCB (7Cl) - not included in this library";"NA";"C12H3Cl7";"chlorinated";;;"anthropogenic";"PCB";"Reference Database MS";"NA";"Delphinus delphis blubber, Atlantic Ocean, 2006";"GCxGC-TOF, electron impact";
1654.5;1.477;"FALSE";1.477;"PCB (7Cl) - not included in this library";"NA";"C12H3Cl7";"chlorinated";;;"anthropogenic";"PCB";"Reference Database MS";"NA";"Delphinus delphis blubber, Atlantic Ocean, 2006";"GCxGC-TOF, electron impact";
1661.5;1.591;"FALSE";1.591;"PCB (7Cl) - not included in this library";"NA";"C12H3Cl7";"chlorinated";;;"anthropogenic";"PCB";"Reference Database MS";"NA";"Delphinus delphis blubber, Atlantic Ocean, 2006";"GCxGC-TOF, electron impact";
1693;2.001;"FALSE";2.001;"PCB (7Cl) - not included in this library";"NA";"C12H3Cl7";"chlorinated";;;"anthropogenic";"PCB";"Reference Database MS";"NA";"Delphinus delphis blubber, Atlantic Ocean, 2006";"GCxGC-TOF, electron impact";
1724.5;1.733;"FALSE";1.733;"PCB (7Cl) - not included in this library";"NA";"C12H3Cl7";"chlorinated";;;"anthropogenic";"PCB";"Reference Database MS";"NA";"Delphinus delphis blubber, Atlantic Ocean, 2006";"GCxGC-TOF, electron impact";
1640.5;1.521;"FALSE";1.521;"PCB (8Cl) - not included in this library";"NA";"C12H2Cl8";"chlorinated";;;"anthropogenic";"PCB";"Reference Database MS";"NA";"Delphinus delphis blubber, Atlantic Ocean, 2006";"GCxGC-TOF, electron impact";
1654.5;1.687;"FALSE";1.687;"PCB (8Cl) - not included in this library";"NA";"C12H2Cl8";"chlorinated";;;"anthropogenic";"PCB";"Reference Database MS";"NA";"Delphinus delphis blubber, Atlantic Ocean, 2006";"GCxGC-TOF, electron impact";
1675.5;1.865;"FALSE";1.865;"PCB (8Cl) - not included in this library";"NA";"C12H2Cl8";"chlorinated";;;"anthropogenic";"PCB";"Reference Database MS";"NA";"Delphinus delphis blubber, Atlantic Ocean, 2006";"GCxGC-TOF, electron impact";
1700;1.655;"FALSE";1.655;"PCB (8Cl) - not included in this library";"NA";"C12H2Cl8";"chlorinated";;;"anthropogenic";"PCB";"Reference Database MS";"NA";"Delphinus delphis blubber, Atlantic Ocean, 2006";"GCxGC-TOF, electron impact";
1707;1.68;"FALSE";1.68;"PCB (8Cl) - not included in this library";"NA";"C12H2Cl8";"chlorinated";;;"anthropogenic";"PCB";"Reference Database MS";"NA";"Delphinus delphis blubber, Atlantic Ocean, 2006";"GCxGC-TOF, electron impact";
1735;2.192;"FALSE";2.192;"PCB (8Cl) - not included in this library";"NA";"C12H2Cl8";"chlorinated";;;"anthropogenic";"PCB";"Reference Database MS";"NA";"Delphinus delphis blubber, Atlantic Ocean, 2006";"GCxGC-TOF, electron impact";
1759.5;1.857;"FALSE";1.857;"PCB (8Cl) - not included in this library";"NA";"C12H2Cl8";"chlorinated";;;"anthropogenic";"PCB";"Reference Database MS";"NA";"Delphinus delphis blubber, Atlantic Ocean, 2006";"GCxGC-TOF, electron impact";
1763;1.765;"FALSE";1.765;"PCB (8Cl) - not included in this library";"NA";"C12H2Cl8";"chlorinated";;;"anthropogenic";"PCB";"Reference Database MS";"NA";"Delphinus delphis blubber, Atlantic Ocean, 2006";"GCxGC-TOF, electron impact";
1731.5;1.819;"FALSE";1.819;"PCB (9Cl) - not included in this library";"NA";"C12HCl9";"chlorinated";;;"anthropogenic";"PCB";"Reference Database MS";"NA";"Delphinus delphis blubber, Atlantic Ocean, 2006";"GCxGC-TOF, electron impact";
1742;1.868;"FALSE";1.868;"PCB (9Cl) - not included in this library";"NA";"C12HCl9";"chlorinated";;;"anthropogenic";"PCB";"Reference Database MS";"NA";"Delphinus delphis blubber, Atlantic Ocean, 2006";"GCxGC-TOF, electron impact";
1794.5;1.981;"FALSE";1.981;"PCB (9Cl) - not included in this library";"NA";"C12HCl9";"chlorinated";;;"anthropogenic";"PCB";"Reference Database MS";"NA";"Delphinus delphis blubber, Atlantic Ocean, 2006";"GCxGC-TOF, electron impact";
1822.5;2.2;"FALSE";2.2;"PCB (10Cl) - not included in this library";"NA";"C12Cl10";"chlorinated";;;"anthropogenic";"PCB";"Reference Database MS";"NA";"Delphinus delphis blubber, Atlantic Ocean, 2006";"GCxGC-TOF, electron impact";
1315;0.969;"FALSE";0.969;"chlordane related 1";"chlordane_related_1";"C10H6Cl6";"chlorinated";699;713;"anthropogenic";"chlordane related";"Manual";"NA";"Delphinus delphis blubber, Atlantic Ocean, 2006";"GCxGC-TOF, electron impact";
1360.5;0.952;"FALSE";0.952;"chlordane related 2";"chlordane_related_2";"C10H7Cl7";"chlorinated";;;"anthropogenic";"chlordane related";"Manual";"NA";"Delphinus delphis blubber, Atlantic Ocean, 2006";"GCxGC-TOF, electron impact";
1378;1.395;"FALSE";1.395;"gamma-chlordene";"gamma_chlordene";"C10H6Cl6";"chlorinated";616;631;"anthropogenic";"chlordane related";"Reference Database MS";"NA";"Delphinus delphis blubber, Atlantic Ocean, 2006";"GCxGC-TOF, electron impact";
1381.5;1.431;"FALSE";1.431;"chlordane related 3";"chlordane_related_3";"C10H8Cl6";"chlorinated";;;"anthropogenic";"chlordane related";"Manual";"NA";"Delphinus delphis blubber, Atlantic Ocean, 2006";"GCxGC-TOF, electron impact";"Suggested elemental formula is C10H8Cl6."
1385;1.143;"FALSE";1.143;"chlordane related 4";"chlordane_related_4";"C10H7Cl7";"chlorinated";;;"anthropogenic";"chlordane related";"Manual - Congener Group";"NA";"Delphinus delphis blubber, Atlantic Ocean, 2006";"GCxGC-TOF, electron impact";
1395.5;0.806;"FALSE";0.806;"chlordane related 5";"chlordane_related_5";"C10H6Cl8";"chlorinated";;;"anthropogenic";"chlordane related";"Manual - Congener Group";"NA";"Delphinus delphis blubber, Atlantic Ocean, 2006";"GCxGC-TOF, electron impact";"Similar to chlordane, but different fragment ion intensities,"
1413;0.945;"FALSE";0.945;"chlordane related 6";"chlordane_related_6";"C10H6Cl8";"chlorinated";;;"anthropogenic";"chlordane related";"Manual - Congener Group";"NA";"Delphinus delphis blubber, Atlantic Ocean, 2006";"GCxGC-TOF, electron impact";"Similar to chlordane, but ion cluster at m/z 272 is not present."
1427;1.169;"FALSE";1.169;"oxychlordane";"oxychlordane";"C10H4Cl8O";"chlorinated";861;861;"anthropogenic";"chlordane related";"Reference Database MS";"NA";"Delphinus delphis blubber, Atlantic Ocean, 2006";"GCxGC-TOF, electron impact";
1434;1.525;"FALSE";1.525;"chlordane related 7";"chlordane_related_7";"C10H7Cl7";"chlorinated";;;"anthropogenic";"chlordane related";"Manual - Congener Group";"NA";"Delphinus delphis blubber, Atlantic Ocean, 2006";"GCxGC-TOF, electron impact";"Similar to heptachlor, but ion cluster at m/z 272 is not present.  "
1444.5;1.091;"FALSE";1.091;"chlordane related 8";"chlordane_related_8";"C10H6Cl8";"chlorinated";;;"anthropogenic";"chlordane related";"Manual - Congener Group";"NA";"Delphinus delphis blubber, Atlantic Ocean, 2006";"GCxGC-TOF, electron impact";"Similar to chlordane."
1451.5;1.243;"FALSE";1.243;"chlordane related 9";"chlordane_related_9";"C10H6Cl8";"chlorinated";;;"anthropogenic";"chlordane related";"Manual - Congener Group";"NA";"Delphinus delphis blubber, Atlantic Ocean, 2006";"GCxGC-TOF, electron impact";"Ion cluster at m/z 373 related to chlordane.  M+ not detected."
1451.5;1.844;"FALSE";1.844;"chlordane related 10";"chlordane_related_10";"C10H7Cl7";"chlorinated";;;"anthropogenic";"chlordane related";"Manual";"NA";"Delphinus delphis blubber, Atlantic Ocean, 2006";"GCxGC-TOF, electron impact";"Ion cluster at m/z 339 suggests C10H6Cl6. M+ not detected."
1458.5;1.431;"FALSE";1.431;"gamma-chlordane";"gamma_chlordane";"C10H6Cl8";"chlorinated";;;"anthropogenic";"chlordane related";"Authentic MS RT";"NA";"Delphinus delphis blubber, Atlantic Ocean, 2006";"GCxGC-TOF, electron impact";"M+ not present in the ""peak true"" mass spectrum, but is present in the caliper mass spectrum."
1469;1.482;"FALSE";1.482;"alpha-chlordane";"alpha_chlordane";"C10H6Cl8";"chlorinated";;;"anthropogenic";"chlordane related";"Authentic MS RT";"NA";"Delphinus delphis blubber, Atlantic Ocean, 2006";"GCxGC-TOF, electron impact";
1479.5;1.06;"FALSE";1.06;"trans-nonachlor";"trans_nonachlor";"C10H5Cl9";"chlorinated";;;"anthropogenic";"chlordane related";"Authentic MS RT";"NA";"Delphinus delphis blubber, Atlantic Ocean, 2006";"GCxGC-TOF, electron impact";"Chromatographic peak is saturated."
1514.5;1.73;"FALSE";1.73;"chlordane related 11";"chlordane_related_11";"C10H6Cl8";"chlorinated";;;"anthropogenic";"chlordane related";"Manual - Congener Group";"NA";"Delphinus delphis blubber, Atlantic Ocean, 2006";"GCxGC-TOF, electron impact";"Chlordane isomer."
1532;1.081;"FALSE";1.081;"chlordane related 12";"chlordane_related_12";"C10H4Cl10";"chlorinated";;;"anthropogenic";"chlordane related";"Manual - Congener Group";"NA";"Delphinus delphis blubber, Atlantic Ocean, 2006";"GCxGC-TOF, electron impact";
1553;1.529;"FALSE";1.529;"cis-nonachlor";"cis_nonachlor";"C10H5Cl9";"chlorinated";;;"anthropogenic";"chlordane related";"Authentic MS RT";"NA";"Delphinus delphis blubber, Atlantic Ocean, 2006";"GCxGC-TOF, electron impact";
1574;2.269;"FALSE";2.269;"chlordane related 13";"chlordane_related_13";"C10H6Cl8";"chlorinated";;;"anthropogenic";"chlordane related";"Manual - Congener Group";"NA";"Delphinus delphis blubber, Atlantic Ocean, 2006";"GCxGC-TOF, electron impact";"Chlordane isomer. M+ is not detected."
1581;1.295;"FALSE";1.295;"chlordane related 14";"chlordane_related_14";"C11H6Cl10";"chlorinated";;;"anthropogenic";"chlordane related";"Literature MS";"NA";"Delphinus delphis blubber, Atlantic Ocean, 2006";"GCxGC-TOF, electron impact";"Ref: ES&T. 1991, 25, 245-254."
1318.5;1.08;"FALSE";1.08;"2 co-eluting: 1-hydroxychlordene (A) and CAS# 69653-75-4 (B)";"2_coeluting_hydroxychlordene_69653754";"NA";"chlorinated";"635 (A), 674 (B)";"639 (A), 679 (B)";"anthropogenic";"heptachlor related";"Reference Database MS";"NA";"Delphinus delphis blubber, Atlantic Ocean, 2006";"GCxGC-TOF, electron impact";"C10H6Cl6O (A); C10H6Cl6O (B)"
1339.5;0.968;"FALSE";0.968;"heptachlor";"heptachlor";"C10H5Cl7";"chlorinated";;;"anthropogenic";"heptachlor related";"Authentic MS RT";"NA";"Delphinus delphis blubber, Atlantic Ocean, 2006";"GCxGC-TOF, electron impact";"Low intensity, but visible in raw data. Interference from trichlorobiphenyl."
1402.5;1.122;"FALSE";1.122;"heptachlor related 1";"heptachlor_related_1";"C10H5Cl7";"chlorinated";;;"anthropogenic";"heptachlor related";"Manual - Congener Group";"NA";"Delphinus delphis blubber, Atlantic Ocean, 2006";"GCxGC-TOF, electron impact";"Similar to heptachlor, but ion cluster at m/z 272 is not present."
1409.5;1.569;"FALSE";1.569;"heptachlor related 2";"heptachlor_related_2";"C10H5Cl7";"chlorinated";;;"anthropogenic";"heptachlor related";"Manual - Congener Group";"NA";"Delphinus delphis blubber, Atlantic Ocean, 2006";"GCxGC-TOF, electron impact";
1430.5;1.431;"FALSE";1.431;"heptachlor epoxide";"heptachlor_epoxide";"C10H5Cl7O";"chlorinated";;;"anthropogenic";"heptachlor related";"Authentic MS RT";"NA";"Delphinus delphis blubber, Atlantic Ocean, 2006";"GCxGC-TOF, electron impact";
1462;1.689;"FALSE";1.689;"heptachlor related 3";"heptachlor_related_3";"C10H4Cl8";"chlorinated";;;"anthropogenic";"heptachlor related";"Manual - Congener Group";"NA";"Delphinus delphis blubber, Atlantic Ocean, 2006";"GCxGC-TOF, electron impact";
1574;2.192;"FALSE";2.192;"heptachlor related 4";"heptachlor_related_4";"C10H3Cl9";"chlorinated";;;"anthropogenic";"heptachlor related";"Manual - Congener Group";"NA";"Delphinus delphis blubber, Atlantic Ocean, 2006";"GCxGC-TOF, electron impact";"PM = Possible Molecular Ion"
1350;1.019;"FALSE";1.019;"1,1'-bis(chlorophenyl)-ethane (DDEt)";"DDEt";"C14H12Cl2";"chlorinated";707;856;"anthropogenic";"DDT related";"Reference Database MS";"NA";"Delphinus delphis blubber, Atlantic Ocean, 2006";"GCxGC-TOF, electron impact";
1462;1.341;"FALSE";1.341;"1-chloro-2,2-bis(chlorophenyl)ethene (DDMU)";"DDMU";"C14H9Cl3";"chlorinated";647;792;"anthropogenic";"DDT related";"Reference Database MS";"NA";"Delphinus delphis blubber, Atlantic Ocean, 2006";"GCxGC-TOF, electron impact";
1462;1.437;"FALSE";1.437;"dichlorodiphenyldichloroethylene (DDE) isomer 1";"DDE_isomer_1";"C14H8Cl4";"chlorinated";;;"anthropogenic";"DDT related";"Authentic MS";"NA";"Delphinus delphis blubber, Atlantic Ocean, 2006";"GCxGC-TOF, electron impact";
1486.5;1.242;"FALSE";1.242;"dichlorodiphenyldichloroethylene (DDE) isomer 2";"DDE_isomer_2";"C14H8Cl4";"chlorinated";;;"anthropogenic";"DDT related";"Authentic MS";"NA";"Delphinus delphis blubber, Atlantic Ocean, 2006";"GCxGC-TOF, electron impact";
1490;1.58;"FALSE";1.58;"1-chloro-2,2-bis(p-chlorophenyl)ethane (DDM)";"DDM";"C14H11Cl3";"chlorinated";863;887;"anthropogenic";"DDT related";"Reference Database MS";"NA";"Delphinus delphis blubber, Atlantic Ocean, 2006";"GCxGC-TOF, electron impact";
1514.5;1.077;"FALSE";1.077;"p,p'-dichlorodiphenyldichloroethylene (p,p'-DDE)";"ppDDE";"C14H8Cl4";"chlorinated";;;"anthropogenic";"DDT related";"Authentic MS RT";"NA";"Delphinus delphis blubber, Atlantic Ocean, 2006";"GCxGC-TOF, electron impact";
1514.5;1.616;"FALSE";1.616;"o,p'-dichlorodiphenyldichloroethane (o,p'-DDD)";"opDDD";"C14H10Cl4";"chlorinated";;;"anthropogenic";"DDT related";"Authentic MS RT";"NA";"Delphinus delphis blubber, Atlantic Ocean, 2006";"GCxGC-TOF, electron impact";
1553;1.715;"FALSE";1.715;"p,p'-DDD";"ppDDD";"C14H10Cl4";"chlorinated";;;"anthropogenic";"DDT related";"Authentic MS RT";"NA";"Delphinus delphis blubber, Atlantic Ocean, 2006";"GCxGC-TOF, electron impact";
1591.5;1.792;"FALSE";1.792;"p,p'-DDT";"ppDDT";"C14H9Cl5";"chlorinated";;;"anthropogenic";"DDT related";"Authentic MS RT";"NA";"Delphinus delphis blubber, Atlantic Ocean, 2006";"GCxGC-TOF, electron impact";
1619.5;1.254;"FALSE";1.254;"DDT related 1";"DDT_related_1";"C14H6Cl6";"chlorinated";;;"anthropogenic";"DDT related";"Manual - Congener Group";"NA";"Delphinus delphis blubber, Atlantic Ocean, 2006";"GCxGC-TOF, electron impact";"Suggested DDE backbone structure, but containing 6 chlorines."
1686;1.537;"FALSE";1.537;"DDT related 2";"DDT_related_2";"C14H5Cl7";"chlorinated";;;"anthropogenic";"DDT related";"Manual - Congener Group";"NA";"Delphinus delphis blubber, Atlantic Ocean, 2006";"GCxGC-TOF, electron impact";"Suggested DDE backbone structure, but containing 7 chlorines."
1693;1.609;"FALSE";1.609;"DDT related 3";"DDT_related_3";"C14H5Cl7";"chlorinated";;;"anthropogenic";"DDT related";"Manual - Congener Group";"NA";"Delphinus delphis blubber, Atlantic Ocean, 2006";"GCxGC-TOF, electron impact";"Suggested DDE backbone structure, but containing 7 chlorines."
1700;1.917;"FALSE";1.917;"tris(chlorophenyl)methane (TCPM) isomer 1";"TCPM_isomer_1";"C19H13Cl3";"chlorinated";;;"anthropogenic";"DDT related";"Literature MS";"NA";"Delphinus delphis blubber, Atlantic Ocean, 2006";"GCxGC-TOF, electron impact";"Ref: ES&T. 1995, 29, 2133-2139. At least one 2-chloro ring based on 235/239 ratio."
1738.5;1.96;"FALSE";1.96;"tris(chlorophenyl)methane (TCPM) isomer 2";"TCPM_isomer_2";"C19H13Cl3";"chlorinated";;;"anthropogenic";"DDT related";"Literature MS";"NA";"Delphinus delphis blubber, Atlantic Ocean, 2006";"GCxGC-TOF, electron impact";"Ref: ES&T. 1995, 29, 2133-2139. Only 3/4-chloro ring based on 235/239 ratio."
1402.5;0.91;"FALSE";0.91;"toxaphene 1";"toxaphene_1";"NA";"chlorinated";;;"anthropogenic";"toxaphene related";"Authentic MS RT";"NA";"Delphinus delphis blubber, Atlantic Ocean, 2006";"GCxGC-TOF, electron impact";"Toxaphene fragmentation pattern. Detected in toxaphene tech. mix."
1416.5;0.999;"FALSE";0.999;"toxaphene 2";"toxaphene_2";"C8H7Cl6";"chlorinated";;;"anthropogenic";"toxaphene related";"Authentic MS RT";"NA";"Delphinus delphis blubber, Atlantic Ocean, 2006";"GCxGC-TOF, electron impact";"Toxaphene fragmentation pattern. Detected in toxaphene tech. mix."
1420;1.002;"FALSE";1.002;"toxaphene 3";"toxaphene_3";"C10H10Cl6";"chlorinated";;;"anthropogenic";"toxaphene related";"Authentic MS RT";"NA";"Delphinus delphis blubber, Atlantic Ocean, 2006";"GCxGC-TOF, electron impact";"Toxaphene fragmentation pattern. Detected in toxaphene tech. mix."
1525;1.238;"FALSE";1.238;"toxaphene 4";"toxaphene_4";"NA";"chlorinated";;;"anthropogenic";"toxaphene related";"Manual";"NA";"Delphinus delphis blubber, Atlantic Ocean, 2006";"GCxGC-TOF, electron impact";"Toxaphene fragmentation pattern."
1528.5;1.515;"FALSE";1.515;"toxaphene 5";"toxaphene_5";"C10H8Cl8";"chlorinated";;;"anthropogenic";"toxaphene related";"Manual";"NA";"Delphinus delphis blubber, Atlantic Ocean, 2006";"GCxGC-TOF, electron impact";"Toxaphene fragmentation pattern."
1577.5;1.913;"FALSE";1.913;"toxaphene 6";"toxaphene_6";"C10H8Cl8";"chlorinated";;;"anthropogenic";"toxaphene related";"Authentic MS RT";"NA";"Delphinus delphis blubber, Atlantic Ocean, 2006";"GCxGC-TOF, electron impact";"Toxaphene fragmentation pattern. Detected in toxaphene tech. mix."
1591.5;1.948;"FALSE";1.948;"toxaphene 7";"toxaphene_7";"C10H9Cl7";"chlorinated";;;"anthropogenic";"toxaphene related";"Authentic MS RT";"NA";"Delphinus delphis blubber, Atlantic Ocean, 2006";"GCxGC-TOF, electron impact";"Toxaphene fragmentation pattern. Detected in toxaphene tech. mix."
1598.5;2.083;"FALSE";2.083;"toxaphene 8";"toxaphene_8";"C10H9Cl7";"chlorinated";;;"anthropogenic";"toxaphene related";"Manual";"NA";"Delphinus delphis blubber, Atlantic Ocean, 2006";"GCxGC-TOF, electron impact";"Toxaphene fragmentation pattern."
1602;2.085;"FALSE";2.085;"toxaphene 9";"toxaphene_9";"C10H10Cl8";"chlorinated";;;"anthropogenic";"toxaphene related";"Authentic MS RT";"NA";"Delphinus delphis blubber, Atlantic Ocean, 2006";"GCxGC-TOF, electron impact";"Toxaphene fragmentation pattern. Detected in toxaphene tech. mix."
1619.5;1.777;"FALSE";1.777;"toxaphene 10";"toxaphene_10";"C10H8Cl8";"chlorinated";;;"anthropogenic";"toxaphene related";"Authentic MS RT";"NA";"Delphinus delphis blubber, Atlantic Ocean, 2006";"GCxGC-TOF, electron impact";"Toxaphene fragmentation pattern. Detected in toxaphene tech. mix."
1651;2.059;"FALSE";2.059;"toxaphene 11";"toxaphene_11";"C10H8Cl8";"chlorinated";;;"anthropogenic";"toxaphene related";"Authentic MS RT";"NA";"Delphinus delphis blubber, Atlantic Ocean, 2006";"GCxGC-TOF, electron impact";"Toxaphene fragmentation pattern. Detected in toxaphene tech. mix."
1682.5;2.543;"FALSE";2.543;"toxaphene 12";"toxaphene_12";"C10H9Cl9";"chlorinated";;;"anthropogenic";"toxaphene related";"Authentic MS RT";"NA";"Delphinus delphis blubber, Atlantic Ocean, 2006";"GCxGC-TOF, electron impact";"Toxaphene fragmentation pattern. Detected in toxaphene tech. mix."
1591.5;2.13;"FALSE";2.13;"mirex-2Cl";"mirex2Cl";"C10H2Cl10";"chlorinated";;;"anthropogenic";"mirex";"Manual - Congener Group";"NA";"Delphinus delphis blubber, Atlantic Ocean, 2006";"GCxGC-TOF, electron impact";
1626.5;1.985;"FALSE";1.985;"mirex-Cl isomer 1";"mirexCl_isomer_1";"C10HCl11";"chlorinated";;;"anthropogenic";"mirex";"Manual - Congener Group";"NA";"Delphinus delphis blubber, Atlantic Ocean, 2006";"GCxGC-TOF, electron impact";
1651;2.148;"FALSE";2.148;"mirex-Cl isomer 2";"mirexCl_isomer_2";"C10HCl11";"chlorinated";;;"anthropogenic";"mirex";"Manual - Congener Group";"NA";"Delphinus delphis blubber, Atlantic Ocean, 2006";"GCxGC-TOF, electron impact";
1700;2.312;"FALSE";2.312;"mirex";"mirex";"C10Cl12";"chlorinated";888;900;"anthropogenic";"mirex";"Reference Database MS";"NA";"Delphinus delphis blubber, Atlantic Ocean, 2006";"GCxGC-TOF, electron impact";
1507.5;1.749;"FALSE";1.749;"dieldrin";"dieldrin";"C12H8Cl6O";"chlorinated";;;"anthropogenic";"pesticide";"Authentic MS RT";"NA";"Delphinus delphis blubber, Atlantic Ocean, 2006";"GCxGC-TOF, electron impact";
1077;2.581;"FALSE";2.581;"pentachlorobenzene";"pentachlorobenzene";"C6CHCl5";"chlorinated";;;"anthropogenic";"pesticide";"Manual - Congener Group";"NA";"Delphinus delphis blubber, Atlantic Ocean, 2006";"GCxGC-TOF, electron impact";
1213.5;1.031;"FALSE";1.031;"hexachlorobenzene (HCB)";"hexachlorobenzene";"C6Cl6";"chlorinated";;;"anthropogenic";"pesticide";"Authentic MS RT";"NA";"Delphinus delphis blubber, Atlantic Ocean, 2006";"GCxGC-TOF, electron impact";
1210;1.377;"FALSE";1.377;"hexachlorocyclohexane (HCH) isomer 1, alpha-HCH";"HCH_isomer_1";"C6H6Cl6";"chlorinated";;;"anthropogenic";"pesticide";"Authentic MS RT";"NA";"Delphinus delphis blubber, Atlantic Ocean, 2006";"GCxGC-TOF, electron impact";
1255.5;1.5656;"FALSE";1.5656;"hexachlorocyclohexane (HCH) isomer 2, gamma-HCH";"HCH_isomer_2";"C6H6Cl6";"chlorinated";;;"anthropogenic";"pesticide";"Authentic MS RT";"NA";"Delphinus delphis blubber, Atlantic Ocean, 2006";"GCxGC-TOF, electron impact";
1266;1.803;"FALSE";1.803;"hexachlorocyclohexane (HCH) isomer 3";"HCH_isomer_3";"C6H6Cl6";"chlorinated";;;"anthropogenic";"pesticide";"Authentic MS";"NA";"Delphinus delphis blubber, Atlantic Ocean, 2006";"GCxGC-TOF, electron impact";
1546;2.027;"FALSE";2.027;"polybrominated diphenyl ether 3Br (PBDE), BDE-28";"3Br_PBDE";"C12H7Br3O";"brominated";;;"anthropogenic";"PBDE";"Authentic MS RT";"NA";"Delphinus delphis blubber, Atlantic Ocean, 2006";"GCxGC-TOF, electron impact";
1633.5;2.199;"FALSE";2.199;"polybrominated diphenyl ether 4Br (PBDE) isomer 1";"4Br_PBDE_isomer_1";"C12H6Br4O";"brominated";;;"anthropogenic";"PBDE";"Authentic MS";"NA";"Delphinus delphis blubber, Atlantic Ocean, 2006";"GCxGC-TOF, electron impact";
1644;2.738;"FALSE";2.738;"polybrominated diphenyl ether 4Br (PBDE) isomer 2";"4Br_PBDE_isomer_2";"C12H6Br4O";"brominated";;;"anthropogenic";"PBDE";"Authentic MS";"NA";"Delphinus delphis blubber, Atlantic Ocean, 2006";"GCxGC-TOF, electron impact";
1672;2.647;"FALSE";2.647;"polybrominated diphenyl ether 4Br (PBDE) isomer 3, BDE-47";"4Br_PBDE_isomer_3";"C12H6Br4O";"brominated";;;"anthropogenic";"PBDE";"Authentic MS RT";"NA";"Delphinus delphis blubber, Atlantic Ocean, 2006";"GCxGC-TOF, electron impact";
1693;2.55;"FALSE";2.55;"polybrominated diphenyl ether 4Br (PBDE) isomer 4";"4Br_PBDE_isomer_4";"C12H6Br4O";"brominated";;;"anthropogenic";"PBDE";"Authentic MS";"NA";"Delphinus delphis blubber, Atlantic Ocean, 2006";"GCxGC-TOF, electron impact";
1728;2.802;"FALSE";2.802;"polybrominated diphenyl ether 5Br (PBDE) isomer 1";"5Br_PBDE_isomer_1";"C12H5Br5O";"brominated";;;"anthropogenic";"PBDE";"Authentic MS";"NA";"Delphinus delphis blubber, Atlantic Ocean, 2006";"GCxGC-TOF, electron impact";
1763;2.936;"FALSE";2.936;"polybrominated diphenyl ether 5Br (PBDE) isomer 2, BDE-100";"5Br_PBDE_isomer_2";"C12H5Br5O";"brominated";;;"anthropogenic";"PBDE";"Authentic MS RT";"NA";"Delphinus delphis blubber, Atlantic Ocean, 2006";"GCxGC-TOF, electron impact";
1791;2.957;"FALSE";2.957;"polybrominated diphenyl ether 5Br (PBDE) isomer 3, BDE-99";"5Br_PBDE_isomer_3";"C12H5Br5O";"brominated";;;"anthropogenic";"PBDE";"Authentic MS RT";"NA";"Delphinus delphis blubber, Atlantic Ocean, 2006";"GCxGC-TOF, electron impact";
1864.5;3.37;"FALSE";3.37;"polybrominated diphenyl ether 6Br (PBDE) isomer 1, BDE-154";"6Br_PBDE_isomer_1";"C12H5Br6O";"brominated";;;"anthropogenic";"PBDE";"Authentic MS RT";"NA";"Delphinus delphis blubber, Atlantic Ocean, 2006";"GCxGC-TOF, electron impact";
1871.5;0.311;"TRUE";3.811;"polybrominated diphenyl ether 6Br (PBDE) isomer 2";"6Br_PBDE_isomer_2";"C12H4Br6O";"brominated";;;"anthropogenic";"PBDE";"Authentic MS";"NA";"Delphinus delphis blubber, Atlantic Ocean, 2006";"GCxGC-TOF, electron impact";"Low intensity, but visible in raw data."
1885.5;1.029;"TRUE";4.529;"polybrominated diphenyl ether 6Br (PBDE) isomer 3";"6Br_PBDE_isomer_3";"C12H4Br6O";"brominated";;;"anthropogenic";"PBDE";"Authentic MS";"NA";"Delphinus delphis blubber, Atlantic Ocean, 2006";"GCxGC-TOF, electron impact";
1906.5;0.166;"TRUE";3.666;"polybrominated diphenyl ether 6Br (PBDE) isomer 4, BDE-153";"6Br_PBDE_isomer_4";"C12H4Br6O";"brominated";;;"anthropogenic";"PBDE";"Authentic MS RT";"NA";"Delphinus delphis blubber, Atlantic Ocean, 2006";"GCxGC-TOF, electron impact";"Low intensity, but visible in raw data."
1966;2.934;"FALSE";2.934;"polybrominated diphenyl ether 6Br (PBDE) isomer 5";"6Br_PBDE_isomer_5";"C12H4Br6O";"brominated";;;"anthropogenic";"PBDE";"Authentic MS";"NA";"Delphinus delphis blubber, Atlantic Ocean, 2006";"GCxGC-TOF, electron impact";
1994;0.22;"TRUE";3.72;"polybrominated diphenyl ether 7Br (PBDE) isomer 1";"7Br_PBDE_isomer_1";"C12H3Br7O";"brominated";;;"anthropogenic";"PBDE";"Authentic MS";"NA";"Delphinus delphis blubber, Atlantic Ocean, 2006";"GCxGC-TOF, electron impact";
2018.5;0.717;"TRUE";4.217;"polybrominated diphenyl ether 7Br (PBDE) isomer 2, BDE-183";"7Br_PBDE_isomer_2";"C12H3Br7O";"brominated";;;"anthropogenic";"PBDE";"Authentic MS RT";"NA";"Delphinus delphis blubber, Atlantic Ocean, 2006";"GCxGC-TOF, electron impact";
2018.5;1.889;"TRUE";5.389;"polybrominated diphenyl ether 7Br (PBDE) isomer 3";"7Br_PBDE_isomer_3";"C12H3Br7O";"brominated";;;"anthropogenic";"PBDE";"Authentic MS";"NA";"Delphinus delphis blubber, Atlantic Ocean, 2006";"GCxGC-TOF, electron impact";
1581;2.151;"FALSE";2.151;"polybrominated biphenyl 4Br (PBB) isomer 1";"4Br_PBB_isomer_1";"C12H6Br4";"brominated";;;"anthropogenic";"PBB";"Manual - Congener Group";"NA";"Delphinus delphis blubber, Atlantic Ocean, 2006";"GCxGC-TOF, electron impact";
1598.5;2.357;"FALSE";2.357;"polybrominated biphenyl 4Br (PBB) isomer 2";"4Br_PBB_isomer_2";"C12H6Br4";"brominated";;;"anthropogenic";"PBB";"Manual - Congener Group";"NA";"Delphinus delphis blubber, Atlantic Ocean, 2006";"GCxGC-TOF, electron impact";
1644;2.92;"FALSE";2.92;"polybrominated biphenyl 5Br (PBB) isomer 1";"5Br_PBB_isomer_1";"C12H5Br5";"brominated";;;"anthropogenic";"PBB";"Manual - Congener Group";"NA";"Delphinus delphis blubber, Atlantic Ocean, 2006";"GCxGC-TOF, electron impact";
1735;2.921;"FALSE";2.921;"polybrominated biphenyl 5Br (PBB) isomer 2";"5Br_PBB_isomer_2";"C12H5Br5";"brominated";;;"anthropogenic";"PBB";"Manual - Congener Group";"NA";"Delphinus delphis blubber, Atlantic Ocean, 2006";"GCxGC-TOF, electron impact";
1759.5;3.149;"FALSE";3.149;"polybrominated biphenyl 6Br (PBB) isomer 1";"6Br_PBB_isomer_1";"C12H4Br6";"brominated";;;"anthropogenic";"PBB";"Authentic MS";"NA";"Delphinus delphis blubber, Atlantic Ocean, 2006";"GCxGC-TOF, electron impact";
1780.5;0.168;"TRUE";3.668;"polybrominated biphenyl 6Br (PBB) isomer 2";"6Br_PBB_isomer_2";"C12H4Br6";"brominated";;;"anthropogenic";"PBB";"Authentic MS";"NA";"Delphinus delphis blubber, Atlantic Ocean, 2006";"GCxGC-TOF, electron impact";
1798;0.682;"TRUE";4.182;"polybrominated biphenyl 6Br (PBB) isomer 3";"6Br_PBB_isomer_3";"C12H4Br6";"brominated";;;"anthropogenic";"PBB";"Authentic MS";"NA";"Delphinus delphis blubber, Atlantic Ocean, 2006";"GCxGC-TOF, electron impact";
1808.5;3.188;"FALSE";3.188;"polybrominated biphenyl 6Br (PBB) isomer 4";"6Br_PBB_isomer_4";"C12H4Br6";"brominated";;;"anthropogenic";"PBB";"Authentic MS";"NA";"Delphinus delphis blubber, Atlantic Ocean, 2006";"GCxGC-TOF, electron impact";"Low intensity, but visible in raw data."
1836.5;0.135;"TRUE";3.635;"polybrominated biphenyl 6Br (PBB) isomer 5";"6Br_PBB_isomer_5";"C12H4Br6";"brominated";;;"anthropogenic";"PBB";"Authentic MS";"NA";"Delphinus delphis blubber, Atlantic Ocean, 2006";"GCxGC-TOF, electron impact";"Low intensity, but visible in raw data."
1868;3.312;"FALSE";3.312;"polybrominated biphenyl 6Br (BB-153) isomer 6";"6Br_PBB_isomer_6";"C12H4Br6";"brominated";;;"anthropogenic";"PBB";"Authentic MS RT";"NA";"Delphinus delphis blubber, Atlantic Ocean, 2006";"GCxGC-TOF, electron impact";
1535.5;1.247;"FALSE";1.247;"polychlorinated diphenyl ether 5Cl (PCDE)";"5Cl_PCDE";"C12H5Cl5O";"chlorinated";;;"anthropogenic";"PCDE";"Manual - Congener Group";"NA";"Delphinus delphis blubber, Atlantic Ocean, 2006";"GCxGC-TOF, electron impact";
1549.5;1.339;"FALSE";1.339;"polychlorinated diphenyl ether 6Cl (PCDE) isomer 1";"6Cl_PCDE_isomer_1";"C12H4Cl6O";"chlorinated";;;"anthropogenic";"PCDE";"Manual - Congener Group";"NA";"Delphinus delphis blubber, Atlantic Ocean, 2006";"GCxGC-TOF, electron impact";
1570.5;1.254;"FALSE";1.254;"polychlorinated diphenyl ether 6Cl (PCDE) isomer 2";"6Cl_PCDE_isomer_2";"C12H4Cl6O";"chlorinated";;;"anthropogenic";"PCDE";"Manual - Congener Group";"NA";"Delphinus delphis blubber, Atlantic Ocean, 2006";"GCxGC-TOF, electron impact";
1605.5;1.21;"FALSE";1.21;"polychlorinated diphenyl ether 6Cl (PCDE) isomer 3";"6Cl_PCDE_isomer_3";"C12H4Cl6O";"chlorinated";;;"anthropogenic";"PCDE";"Manual - Congener Group";"NA";"Delphinus delphis blubber, Atlantic Ocean, 2006";"GCxGC-TOF, electron impact";
1644;1.67;"FALSE";1.67;"polychlorinated diphenyl ether 6Cl (PCDE) isomer 4";"6Cl_PCDE_isomer_4";"C12H4Cl6O";"chlorinated";;;"anthropogenic";"PCDE";"Manual - Congener Group";"NA";"Delphinus delphis blubber, Atlantic Ocean, 2006";"GCxGC-TOF, electron impact";
1588;1.86;"FALSE";1.86;"polychlorinated diphenyl ether 7Cl (PCDE) isomer 1";"7Cl_PCDE_isomer_1";"C12H3Cl7O";"chlorinated";;;"anthropogenic";"PCDE";"Manual - Congener Group";"NA";"Delphinus delphis blubber, Atlantic Ocean, 2006";"GCxGC-TOF, electron impact";"Likely PCDE, but low intensity."
1595;2.019;"FALSE";2.019;"polychlorinated diphenyl ether 7Cl (PCDE) isomer 2";"7Cl_PCDE_isomer_2";"C12H3Cl7O";"chlorinated";;;"anthropogenic";"PCDE";"Manual - Congener Group";"NA";"Delphinus delphis blubber, Atlantic Ocean, 2006";"GCxGC-TOF, electron impact";"Likely PCDE, but low intensity."
1598.5;1.888;"FALSE";1.888;"polychlorinated diphenyl ether 7Cl (PCDE) isomer 3";"7Cl_PCDE_isomer_3";"C12H3Cl7O";"chlorinated";;;"anthropogenic";"PCDE";"Manual - Congener Group";"NA";"Delphinus delphis blubber, Atlantic Ocean, 2006";"GCxGC-TOF, electron impact";"Likely PCDE, but low intensity."
1647.5;1.54;"FALSE";1.54;"polychlorinated diphenyl ether 7Cl (PCDE) isomer 4";"7Cl_PCDE_isomer_4";"C12H3Cl7O";"chlorinated";;;"anthropogenic";"PCDE";"Manual - Congener Group";"NA";"Delphinus delphis blubber, Atlantic Ocean, 2006";"GCxGC-TOF, electron impact";
1668.5;1.372;"FALSE";1.372;"polychlorinated diphenyl ether 7Cl (PCDE) isomer 5";"7Cl_PCDE_isomer_5";"C12H3Cl7O";"chlorinated";;;"anthropogenic";"PCDE";"Manual - Congener Group";"NA";"Delphinus delphis blubber, Atlantic Ocean, 2006";"GCxGC-TOF, electron impact";
1672;1.521;"FALSE";1.521;"polychlorinated diphenyl ether 7Cl (PCDE) isomer 6";"7Cl_PCDE_isomer_6";"C12H3Cl7O";"chlorinated";;;"anthropogenic";"PCDE";"Manual - Congener Group";"NA";"Delphinus delphis blubber, Atlantic Ocean, 2006";"GCxGC-TOF, electron impact";
1703.5;1.449;"FALSE";1.449;"polychlorinated diphenyl ether 7Cl (PCDE) isomer 7";"7Cl_PCDE_isomer_7";"C12H3Cl7O";"chlorinated";;;"anthropogenic";"PCDE";"Manual - Congener Group";"NA";"Delphinus delphis blubber, Atlantic Ocean, 2006";"GCxGC-TOF, electron impact";
1717.5;1.991;"FALSE";1.991;"polychlorinated diphenyl ether 7Cl (PCDE) isomer 8";"7Cl_PCDE_isomer_8";"C12H3Cl7O";"chlorinated";;;"anthropogenic";"PCDE";"Manual - Congener Group";"NA";"Delphinus delphis blubber, Atlantic Ocean, 2006";"GCxGC-TOF, electron impact";
1731.5;1.848;"FALSE";1.848;"polychlorinated diphenyl ether 8Cl (PCDE) isomer 1";"8Cl_PCDE_isomer_1";"C12H2Cl8O";"chlorinated";;;"anthropogenic";"PCDE";"Manual - Congener Group";"NA";"Delphinus delphis blubber, Atlantic Ocean, 2006";"GCxGC-TOF, electron impact";
1749;1.658;"FALSE";1.658;"polychlorinated diphenyl ether 8Cl (PCDE) isomer 2";"8Cl_PCDE_isomer_2";"C12H2Cl8O";"chlorinated";;;"anthropogenic";"PCDE";"Manual - Congener Group";"NA";"Delphinus delphis blubber, Atlantic Ocean, 2006";"GCxGC-TOF, electron impact";
1014;0.594;"FALSE";0.594;"trichlorostyrene (PCS)";"3Cl_PCS";"C8H5Cl3";"chlorinated";;;"anthropogenic";"chlorinated styrene";"Manual - Congener Group";"NA";"Delphinus delphis blubber, Atlantic Ocean, 2006";"GCxGC-TOF, electron impact";
1087.5;0.523;"FALSE";0.523;"tetrachlorostyrene (PCS) isomer 1";"4Cl_PCS_isomer_1";"C8H4Cl4";"chlorinated";;;"anthropogenic";"chlorinated styrene";"Manual - Congener Group";"NA";"Delphinus delphis blubber, Atlantic Ocean, 2006";"GCxGC-TOF, electron impact";
1105;0.642;"FALSE";0.642;"tetrachlorostyrene (PCS) isomer 2";"4Cl_PCS_isomer_2";"C8H4Cl4";"chlorinated";;;"anthropogenic";"chlorinated styrene";"Manual - Congener Group";"NA";"Delphinus delphis blubber, Atlantic Ocean, 2006";"GCxGC-TOF, electron impact";
1150.5;0.722;"FALSE";0.722;"tetrachlorostyrene (PCS) isomer 3";"4Cl_PCS_isomer_3";"C8H4Cl4";"chlorinated";;;"anthropogenic";"chlorinated styrene";"Manual - Congener Group";"NA";"Delphinus delphis blubber, Atlantic Ocean, 2006";"GCxGC-TOF, electron impact";
1157.5;0.669;"FALSE";0.669;"tetrachlorostyrene (PCS) isomer 4";"4Cl_PCS_isomer_4";"C8H4Cl4";"chlorinated";;;"anthropogenic";"chlorinated styrene";"Manual - Congener Group";"NA";"Delphinus delphis blubber, Atlantic Ocean, 2006";"GCxGC-TOF, electron impact";
1129.5;0.617;"FALSE";0.617;"pentachlorostyrene (PCS) isomer 1";"5Cl_PCS_isomer_1";"C8H3Cl5";"chlorinated";;;"anthropogenic";"chlorinated styrene";"Literature MS";"NA";"Delphinus delphis blubber, Atlantic Ocean, 2006";"GCxGC-TOF, electron impact";
1161;0.551;"FALSE";0.551;"pentachlorostyrene (PCS) isomer 2";"5Cl_PCS_isomer_2";"C8H3Cl5";"chlorinated";;;"anthropogenic";"chlorinated styrene";"Literature MS";"NA";"Delphinus delphis blubber, Atlantic Ocean, 2006";"GCxGC-TOF, electron impact";
1213.5;0.807;"FALSE";0.807;"pentachlorostyrene (PCS) isomer 3";"5Cl_PCS_isomer_3";"C8H3Cl5";"chlorinated";;;"anthropogenic";"chlorinated styrene";"Literature MS";"NA";"Delphinus delphis blubber, Atlantic Ocean, 2006";"GCxGC-TOF, electron impact";
1234.5;0.878;"FALSE";0.878;"pentachlorostyrene (PCS) isomer 4";"5Cl_PCS_isomer_4";"C8H3Cl5";"chlorinated";;;"anthropogenic";"chlorinated styrene";"Literature MS";"NA";"Delphinus delphis blubber, Atlantic Ocean, 2006";"GCxGC-TOF, electron impact";
1189;0.572;"FALSE";0.572;"hexachlorostyrene (PCS) isomer 1";"6Cl_PCS_isomer_1";"C8H2Cl6";"chlorinated";;;"anthropogenic";"chlorinated styrene";"Literature MS";"NA";"Delphinus delphis blubber, Atlantic Ocean, 2006";"GCxGC-TOF, electron impact";
1231;0.605;"FALSE";0.605;"hexachlorostyrene (PCS) isomer 2";"6Cl_PCS_isomer_2";"C8H2Cl6";"chlorinated";;;"anthropogenic";"chlorinated styrene";"Literature MS";"NA";"Delphinus delphis blubber, Atlantic Ocean, 2006";"GCxGC-TOF, electron impact";
1266;0.925;"FALSE";0.925;"hexachlorostyrene (PCS) isomer 3";"6Cl_PCS_isomer_3";"C8H2Cl6";"chlorinated";;;"anthropogenic";"chlorinated styrene";"Literature MS";"NA";"Delphinus delphis blubber, Atlantic Ocean, 2006";"GCxGC-TOF, electron impact";
1304.5;0.783;"FALSE";0.783;"heptachlorostyrene (PCS) isomer 1";"7Cl_PCS_isomer_1";"C8HCl7";"chlorinated";;;"anthropogenic";"chlorinated styrene";"Literature MS";"NA";"Delphinus delphis blubber, Atlantic Ocean, 2006";"GCxGC-TOF, electron impact";
1311.5;0.79;"FALSE";0.79;"heptachlorostyrene (PCS) isomer 2";"7Cl_PCS_isomer_2";"C8HCl7";"chlorinated";;;"anthropogenic";"chlorinated styrene";"Literature MS";"NA";"Delphinus delphis blubber, Atlantic Ocean, 2006";"GCxGC-TOF, electron impact";
1346.5;0.83;"FALSE";0.83;"heptachlorostyrene (PCS) isomer 3";"7Cl_PCS_isomer_3";"C8HCl7";"chlorinated";;;"anthropogenic";"chlorinated styrene";"Literature MS";"NA";"Delphinus delphis blubber, Atlantic Ocean, 2006";"GCxGC-TOF, electron impact";
1420;0.92;"FALSE";0.92;"octachlorostyrene (PCS)";"8Cl_PCS";"C8Cl8";"chlorinated";;;"anthropogenic";"chlorinated styrene";"Authentic MS RT";"NA";"Delphinus delphis blubber, Atlantic Ocean, 2006";"GCxGC-TOF, electron impact";
1689.5;2.445;"FALSE";2.445;"methoxy diphenyl ether Br3Cl (MeO-B/CDE)";"methoxy_DE_Br3Cl";"C13H8Br3ClO2";"mixed";;;"natural";"MeO-B/CDE";"Manual - Congener Group";"NA";"Delphinus delphis blubber, Atlantic Ocean, 2006";"GCxGC-TOF, electron impact";
1787.5;2.723;"FALSE";2.723;"methoxy diphenyl ether Br4Cl (MeO-B/CDE)";"methoxy_DE_Br4Cl";"C13H7Br4ClO2";"mixed";;;"natural";"MeO-B/CDE";"Literature MS";"NA";"Delphinus delphis blubber, Atlantic Ocean, 2006";"GCxGC-TOF, electron impact";"Ref: J.Mass.Spectrum, 2006, 41, 790-801."
1598.5;2.519;"FALSE";2.519;"methoxy brominated diphenyl ether 3Br (MeO-BDE)";"3Br_MeOBDE";"C13H9Br3O2";"brominated";;;"natural";"MeO-B/CDE";"Manual - Congener Group";"NA";"Delphinus delphis blubber, Atlantic Ocean, 2006";"GCxGC-TOF, electron impact";
1700;2.583;"FALSE";2.583;"methoxy brominated diphenyl ether 4Br (MeO-BDE) isomer 1";"4Br_MeOBDE_isomer_1";"C13H8Br4O2";"brominated";;;"natural";"MeO-B/CDE";"Manual - Congener Group";"NA";"Delphinus delphis blubber, Atlantic Ocean, 2006";"GCxGC-TOF, electron impact";
1717.5;2.356;"FALSE";2.356;"methoxy brominated diphenyl ether 4Br (2'-MeO-BDE68) isomer 2";"4Br_MeOBDE68_isomer_2";"C13H8Br4O2";"brominated";;;"natural";"MeO-B/CDE";"Authentic MS RT";"NA";"Delphinus delphis blubber, Atlantic Ocean, 2006";"GCxGC-TOF, electron impact";
1735;2.813;"FALSE";2.813;"methoxy brominated diphenyl ether 4Br (6'-MeO-BDE47) isomer 3";"4Br_MeOBDE47_isomer_3";"C13H8Br4O2";"brominated";;;"natural";"MeO-B/CDE";"Authentic MS RT";"NA";"Delphinus delphis blubber, Atlantic Ocean, 2006";"GCxGC-TOF, electron impact";
1798;2.824;"FALSE";2.824;"methoxy brominated diphenyl ether 5Br (MeO-BDE) isomer 1";"5Br_MeOBDE_isomer_1";"C13H7Br5O2";"brominated";;;"natural";"MeO-B/CDE";"Manual - Congener Group";"NA";"Delphinus delphis blubber, Atlantic Ocean, 2006";"GCxGC-TOF, electron impact";
1836.5;2.991;"FALSE";2.991;"methoxy brominated diphenyl ether 5Br (MeO-BDE) isomer 2";"5Br_MeOBDE_isomer_2";"C13H7Br5O2";"brominated";;;"natural";"MeO-B/CDE";"Manual - Congener Group";"NA";"Delphinus delphis blubber, Atlantic Ocean, 2006";"GCxGC-TOF, electron impact";
1840;3.115;"FALSE";3.115;"methoxy brominated diphenyl ether 5Br (MeO-BDE) isomer 3";"5Br_MeOBDE_isomer_3";"C13H7Br5O2";"brominated";;;"natural";"MeO-B/CDE";"Manual - Congener Group";"NA";"Delphinus delphis blubber, Atlantic Ocean, 2006";"GCxGC-TOF, electron impact";
1714;1.788;"FALSE";1.788;"methoxy chlorinated diphenyl ether 7Cl (MeO-CDE)";"7Cl_MeOCDE";"C13H5Cl7O2";"chlorinated";;;"anthropogenic";"MeO-CDE";"Manual - Congener Group";"NA";"Delphinus delphis blubber, Atlantic Ocean, 2006";"GCxGC-TOF, electron impact";
1805;2.103;"FALSE";2.103;"methoxy chlorinated diphenyl ether 8Cl (MeO-CDE) isomer 1";"8Cl_MeOCDE_isomer_1";"C13H4Cl8O2";"chlorinated";;;"anthropogenic";"MeO-CDE";"Manual - Congener Group";"NA";"Delphinus delphis blubber, Atlantic Ocean, 2006";"GCxGC-TOF, electron impact";
1815.5;2.197;"FALSE";2.197;"methoxy chlorinated diphenyl ether 8Cl (MeO-CDE) isomer 2";"8Cl_MeOCDE_isomer_2";"C13H4Cl8O2";"chlorinated";;;"anthropogenic";"MeO-CDE";"Manual - Congener Group";"NA";"Delphinus delphis blubber, Atlantic Ocean, 2006";"GCxGC-TOF, electron impact";
1367.5;0.861;"FALSE";0.861;"methyl bipyrrole 6Cl (MBP) isomer 1";"6Cl_MBP_isomer_1";"C9H4Cl6N2";"chlorinated";;;"natural";"MBP";"Literature MS";"NA";"Delphinus delphis blubber, Atlantic Ocean, 2006";"GCxGC-TOF, electron impact";"Ref: Chemosphere, 2008, 70, 1721-1729."
1381.5;0.969;"FALSE";0.969;"methyl bipyrrole 6Cl (MBP) isomer 2";"6Cl_MBP_isomer_2";"C9H4Cl6N2";"chlorinated";;;"natural";"MBP";"Literature MS";"NA";"Delphinus delphis blubber, Atlantic Ocean, 2006";"GCxGC-TOF, electron impact";"Ref: Chemosphere, 2008, 70, 1721-1729."
1472.5;1.138;"FALSE";1.138;"methyl bipyrrole 7Cl (MBP)";"7Cl_MBP";"C9H3Cl7N2";"chlorinated";;;"natural";"MBP";"Authentic MS RT";"NA";"Delphinus delphis blubber, Atlantic Ocean, 2006";"GCxGC-TOF, electron impact";"Also referred to as Q1."
1455;1.729;"FALSE";1.729;"methyl bipyrrole 4Br (MBP)";"4Br_MBP";"C9H6Br4N2";"brominated";;;"natural";"MBP";"Manual - Congener Group";"NA";"Delphinus delphis blubber, Atlantic Ocean, 2006";"GCxGC-TOF, electron impact";
1535.5;2.037;"FALSE";2.037;"methyl bipyrrole 5Br (MBP) isomer 1";"5Br_MBP_isomer_1";"C9H5Br5N2";"brominated";;;"natural";"MBP";"Manual - Congener Group";"NA";"Delphinus delphis blubber, Atlantic Ocean, 2006";"GCxGC-TOF, electron impact";
1591.5;2.26;"FALSE";2.26;"methyl bipyrrole 5Br (MBP) isomer 2";"5Br_MBP_isomer_2";"C9H5Br5N2";"brominated";;;"natural";"MBP";"Manual - Congener Group";"NA";"Delphinus delphis blubber, Atlantic Ocean, 2006";"GCxGC-TOF, electron impact";
1595;2.802;"FALSE";2.802;"methyl bipyrrole 5Br (MBP) isomer 3";"5Br_MBP_isomer_3";"C9H5Br5N2";"brominated";;;"natural";"MBP";"Manual - Congener Group";"NA";"Delphinus delphis blubber, Atlantic Ocean, 2006";"GCxGC-TOF, electron impact";
1616;2.413;"FALSE";2.413;"methyl bipyrrole 5Br (MBP) isomer 4";"5Br_MBP_isomer_4";"C9H5Br5N2";"brominated";;;"natural";"MBP";"Manual - Congener Group";"NA";"Delphinus delphis blubber, Atlantic Ocean, 2006";"GCxGC-TOF, electron impact";
1675.5;2.756;"FALSE";2.756;"methyl bipyrrole 6Br (MBP) isomer 1";"6Br_MBP_isomer_1";"C9H4Br6N2";"brominated";;;"natural";"MBP";"Authentic MS RT";"NA";"Delphinus delphis blubber, Atlantic Ocean, 2006";"GCxGC-TOF, electron impact";
1682.5;2.881;"FALSE";2.881;"methyl bipyrrole 6Br (MBP) isomer 2";"6Br_MBP_isomer_2";"C9H4Br6N2";"brominated";;;"natural";"MBP";"Authentic MS";"NA";"Delphinus delphis blubber, Atlantic Ocean, 2006";"GCxGC-TOF, electron impact";
1735;0.138;"TRUE";3.638;"methyl bipyrrole 6Br (MBP) isomer 3";"6Br_MBP_isomer_3";"C9H4Br6N2";"brominated";;;"natural";"MBP";"Authentic MS";"NA";"Delphinus delphis blubber, Atlantic Ocean, 2006";"GCxGC-TOF, electron impact";
1763;3.437;"FALSE";3.437;"methyl bipyrrole 6Br (MBP) isomer 4";"6Br_MBP_isomer_4";"C9H4Br6N2";"brominated";;;"natural";"MBP";"Authentic MS";"NA";"Delphinus delphis blubber, Atlantic Ocean, 2006";"GCxGC-TOF, electron impact";
1815.5;0.322;"TRUE";3.822;"methyl bipyrrole 7Br (MBP)";"7Br_MBP";"C9H3Br7N2";"brominated";;;"natural";"MBP";"Authentic MS RT";"NA";"Delphinus delphis blubber, Atlantic Ocean, 2006";"GCxGC-TOF, electron impact";
1406;1.481;"FALSE";1.481;"methyl bipyrrole Br3Cl (MBP)";"Br3Cl_MBP";"C9H6Br3ClN2";"mixed";;;"natural";"MBP";"Manual - Congener Group";"NA";"Delphinus delphis blubber, Atlantic Ocean, 2006";"GCxGC-TOF, electron impact";
1483;1.802;"FALSE";1.802;"methyl bipyrrole Br4Cl (MBP) isomer 1";"Br4Cl_MBP_isomer_1";"C9H5Br4ClN2";"mixed";;;"natural";"MBP";"Manual - Congener Group";"NA";"Delphinus delphis blubber, Atlantic Ocean, 2006";"GCxGC-TOF, electron impact";
1542.5;1.921;"FALSE";1.921;"methyl bipyrrole Br4Cl (MBP) isomer 2";"Br4Cl_MBP_isomer_2";"C9H5Br4ClN2";"mixed";;;"natural";"MBP";"Manual - Congener Group";"NA";"Delphinus delphis blubber, Atlantic Ocean, 2006";"GCxGC-TOF, electron impact";
1546;2.491;"FALSE";2.491;"methyl bipyrrole Br4Cl (MBP) isomer 3";"Br4Cl_MBP_isomer_3";"C9H5Br4ClN2";"mixed";;;"natural";"MBP";"Manual - Congener Group";"NA";"Delphinus delphis blubber, Atlantic Ocean, 2006";"GCxGC-TOF, electron impact";
1570.5;2.083;"FALSE";2.083;"methyl bipyrrole Br4Cl (MBP) isomer 4";"Br4Cl_MBP_isomer_4";"C9H5Br4ClN2";"mixed";;;"natural";"MBP";"Manual - Congener Group";"NA";"Delphinus delphis blubber, Atlantic Ocean, 2006";"GCxGC-TOF, electron impact";
1623;2.358;"FALSE";2.358;"methyl bipyrrole Br4Cl (MBP) isomer 5";"Br4Cl_MBP_isomer_5";"C9H5Br4ClN2";"mixed";;;"natural";"MBP";"Manual - Congener Group";"NA";"Delphinus delphis blubber, Atlantic Ocean, 2006";"GCxGC-TOF, electron impact";
1630;2.912;"FALSE";2.912;"methyl bipyrrole Br4Cl (MBP) isomer 6";"Br4Cl_MBP_isomer_6";"C9H5Br4ClN2";"mixed";;;"natural";"MBP";"Manual - Congener Group";"NA";"Delphinus delphis blubber, Atlantic Ocean, 2006";"GCxGC-TOF, electron impact";
1584.5;2.128;"FALSE";2.128;"methyl bipyrrole Br4Cl2 (MBP) isomer 1";"Br4Cl2_MBP_isomer_1";"C9H6Br4Cl2N2";"mixed";;;"natural";"MBP";"Manual - Congener Group";"NA";"Delphinus delphis blubber, Atlantic Ocean, 2006";"GCxGC-TOF, electron impact";
1665;2.671;"FALSE";2.671;"methyl bipyrrole Br4Cl2 (MBP) isomer 2";"Br4Cl2_MBP_isomer_2";"C9H6Br4Cl2N2";"mixed";;;"natural";"MBP";"Manual - Congener Group";"NA";"Delphinus delphis blubber, Atlantic Ocean, 2006";"GCxGC-TOF, electron impact";"Low intensity, but visible in raw data."
1630;2.34;"FALSE";2.34;"methyl bipyrrole Br5Cl (MBP) isomer 1";"Br5Cl_MBP_isomer_1";"C9H4Br5ClN2";"mixed";;;"natural";"MBP";"Authentic MS RT";"NA";"Delphinus delphis blubber, Atlantic Ocean, 2006";"GCxGC-TOF, electron impact";
1640.5;2.462;"FALSE";2.462;"methyl bipyrrole Br5Cl (MBP) isomer 2";"Br5Cl_MBP_isomer_2";"C9H4Br5ClN2";"mixed";;;"natural";"MBP";"Authentic MS";"NA";"Delphinus delphis blubber, Atlantic Ocean, 2006";"GCxGC-TOF, electron impact";
1686;3.216;"FALSE";3.216;"methyl bipyrrole Br5Cl (MBP) isomer 3";"Br5Cl_MBP_isomer_3";"C9H4Br5ClN2";"mixed";;;"natural";"MBP";"Authentic MS RT";"NA";"Delphinus delphis blubber, Atlantic Ocean, 2006";"GCxGC-TOF, electron impact";
1721;3.08;"FALSE";3.08;"methyl bipyrrole Br5Cl (MBP) isomer 4";"Br5Cl_MBP_isomer_4";"C9H4Br5ClN2";"mixed";;;"natural";"MBP";"Authentic MS";"NA";"Delphinus delphis blubber, Atlantic Ocean, 2006";"GCxGC-TOF, electron impact";
1721;2.788;"FALSE";2.788;"methyl bipyrrole Br5Cl2 (MBP)";"Br5Cl2_MBP";"C9H3Br5Cl2N2";"mixed";;;"natural";"MBP";"Manual - Congener Group";"NA";"Delphinus delphis blubber, Atlantic Ocean, 2006";"GCxGC-TOF, electron impact";
1773.5;3.238;"FALSE";3.238;"methyl bipyrrole Br6Cl (MBP)";"Br6Cl_MBP";"C9H3Br6ClN2";"mixed";;;"natural";"MBP";"Authentic MS RT";"NA";"Delphinus delphis blubber, Atlantic Ocean, 2006";"GCxGC-TOF, electron impact";
1514.5;1.885;"FALSE";1.885;"dimethyl bipyrrole 4Br (DMBP) isomer 1";"4Br_DMBP_isomer_1";"C10H8Br4N2";"brominated";;;"natural";"DMBP";"Manual - Congener Group";"NA";"Delphinus delphis blubber, Atlantic Ocean, 2006";"GCxGC-TOF, electron impact";
1626.5;3.491;"FALSE";3.491;"dimethyl bipyrrole 4Br (DMBP) isomer 2";"4Br_DMBP_isomer_2";"C10H8Br4N2";"brominated";;;"natural";"DMBP";"Manual - Congener Group";"NA";"Delphinus delphis blubber, Atlantic Ocean, 2006";"GCxGC-TOF, electron impact";
1672;2.831;"FALSE";2.831;"dimethyl bipyrrole 5Br (DMBP) isomer 1";"5Br_DMBP_isomer_1";"C10H7Br5N2";"brominated";;;"natural";"DMBP";"Manual - Congener Group";"NA";"Delphinus delphis blubber, Atlantic Ocean, 2006";"GCxGC-TOF, electron impact";
1731.5;0.123;"FALSE";3.623;"dimethyl bipyrrole 5Br (DMBP) isomer 2";"5Br_DMBP_isomer_2";"C10H7Br5N2";"brominated";;;"natural";"DMBP";"Manual - Congener Group";"NA";"Delphinus delphis blubber, Atlantic Ocean, 2006";"GCxGC-TOF, electron impact";
1752.5;2.665;"FALSE";2.665;"dimethyl bipyrrole 5Br (DMBP) isomer 3";"5Br_DMBP_isomer_3";"C10H7Br5N2";"brominated";;;"natural";"DMBP";"Manual - Congener Group";"NA";"Delphinus delphis blubber, Atlantic Ocean, 2006";"GCxGC-TOF, electron impact";"Low intensity, but visible in raw data."
1822.5;0.451;"TRUE";3.951;"dimethyl bipyrrole 6Br (DMBP) ";"6Br_DMBP";"C10H6Br6N2";"brominated";;;"natural";"DMBP";"Authentic MS RT";"NA";"Delphinus delphis blubber, Atlantic Ocean, 2006";"GCxGC-TOF, electron impact";
1623;2.19;"FALSE";2.19;"dimethyl bipyrrole Br2Cl4 (DMBP)";"Br2Cl4_DMBP";"C10H6Br2Cl4N2";"mixed";;;"natural";"DMBP";"Manual - Congener Group";"NA";"Delphinus delphis blubber, Atlantic Ocean, 2006";"GCxGC-TOF, electron impact";
1570.5;1.986;"FALSE";1.986;"dimethyl bipyrrole Br3Cl2 (DMBP)";"Br3Cl2_DMBP";"C10H7Br3Cl2N2";"mixed";;;"natural";"DMBP";"Manual - Congener Group";"NA";"Delphinus delphis blubber, Atlantic Ocean, 2006";"GCxGC-TOF, electron impact";
1721;2.944;"FALSE";2.944;"dimethyl bipyrrole Br4Cl2 (DMBP)";"Br4Cl2_DMBP";"C10H6Br4Cl2N2";"mixed";;;"natural";"DMBP";"Authentic MS RT";"NA";"Delphinus delphis blubber, Atlantic Ocean, 2006";"GCxGC-TOF, electron impact";
1773.5;0.058;"TRUE";3.558;"dimethyl bipyrrole Br5Cl (DMBP)";"Br5Cl_DMBP";"C10H6Br5ClN2";"mixed";;;"natural";"DMBP";"Authentic MS RT";"NA";"Delphinus delphis blubber, Atlantic Ocean, 2006";"GCxGC-TOF, electron impact";
1171.5;1.59;"FALSE";1.59;"tribromophenol";"tribromophenol";"C6H3Br3O";"brominated";487;487;"natural/anthropogenic";"bromophenol";"Reference Database MS";"NA";"Delphinus delphis blubber, Atlantic Ocean, 2006";"GCxGC-TOF, electron impact";"Low intensity, but visible in raw data."
1154;1.161;"FALSE";1.161;"tribromoanisole: Benzene, 1,3,5-tribromo-2-methoxy-";"tribromoanisole";"C7H5Br3O";"brominated";;;"natural";"brominated anisole";"Authentic MS RT";"NA";"Delphinus delphis blubber, Atlantic Ocean, 2006";"GCxGC-TOF, electron impact";
1175;2.139;"FALSE";2.139;"bromoindole";"bromoindole";"C8H6BrN";"brominated";;;"natural";"brominated indole";"Authentic MS";"NA";"Delphinus delphis blubber, Atlantic Ocean, 2006";"GCxGC-TOF, electron impact";
1325.5;1.88;"FALSE";1.88;"dibromoindole isomer 1";"dibromoindole_isomer_1";"C8H5Br2N";"brominated";;;"natural";"brominated indole";"Authentic MS";"NA";"Delphinus delphis blubber, Atlantic Ocean, 2006";"GCxGC-TOF, electron impact";
1406;2.674;"FALSE";2.674;"dibromoindole isomer 2";"dibromoindole_isomer_2";"C8H5Br2N";"brominated";;;"natural";"brominated indole";"Authentic MS";"NA";"Delphinus delphis blubber, Atlantic Ocean, 2006";"GCxGC-TOF, electron impact";
1721;2.209;"FALSE";2.209;"dimethoxy brominated biphenyl 4Br (2MeO-BB-80)";"4Br_2MeOBB80";"C14H10Br4O2";"brominated";;;"natural";"2MeO-BB";"Authentic MS RT";"NA";"Delphinus delphis blubber, Atlantic Ocean, 2006";"GCxGC-TOF, electron impact";
1819;3.242;"FALSE";3.242;"polybrominated hexahydroxanthene 3Br (PBHD)";"3Br_PBHD";"C16H16Br3O";"brominated";;;"natural";"PBHD";"Authentic MS RT";"NA";"Delphinus delphis blubber, Atlantic Ocean, 2006";"GCxGC-TOF, electron impact";"Low intensity, but visible in raw data."
1955.5;5.659;"FALSE";2.159;"polybrominated hexahydroxanthene 4Br (PBHD)";"4Br_PBHD";"C16H15Br4O";"brominated";;;"natural";"PBHD";"Authentic MS RT";"NA";"Delphinus delphis blubber, Atlantic Ocean, 2006";"GCxGC-TOF, electron impact";
1623;2.088;"FALSE";2.088;"diphenyl ether Br3Cl (B/CDE) isomer 1";"Br3Cl_BCDE_isomer_1";"C12H6Br3ClO";"mixed";;;"unknown";"B/CDE";"Manual - Congener Group";"NA";"Delphinus delphis blubber, Atlantic Ocean, 2006";"GCxGC-TOF, electron impact";
1623;2.217;"FALSE";2.217;"diphenyl ether Br3Cl (B/CDE) isomer 2";"Br3Cl_BCDE_isomer_2";"C12H6Br3ClO";"mixed";;;"unknown";"B/CDE";"Manual - Congener Group";"NA";"Delphinus delphis blubber, Atlantic Ocean, 2006";"GCxGC-TOF, electron impact";
1707;2.547;"FALSE";2.547;"diphenyl ether Br4Cl (B/CDE)";"Br4Cl_BCDE";"C12H5Br4ClO";"mixed";;;"unknown";"B/CDE";"Manual - Congener Group";"NA";"Delphinus delphis blubber, Atlantic Ocean, 2006";"GCxGC-TOF, electron impact";
1798;3.069;"FALSE";3.069;"diphenyl ether Br5Cl (B/CDE) isomer 1";"Br5Cl_BCDE_isomer_1";"C12H4Br5ClO";"mixed";;;"unknown";"B/CDE";"Manual - Congener Group";"NA";"Delphinus delphis blubber, Atlantic Ocean, 2006";"GCxGC-TOF, electron impact";
1808.5;2.947;"FALSE";2.947;"diphenyl ether Br5Cl (B/CDE) isomer 2";"Br5Cl_BCDE_isomer_2";"C12H4Br5ClO";"mixed";;;"unknown";"B/CDE";"Manual - Congener Group";"NA";"Delphinus delphis blubber, Atlantic Ocean, 2006";"GCxGC-TOF, electron impact";
1815.5;3.042;"FALSE";3.042;"diphenyl ether Br5Cl (B/CDE) isomer 3";"Br5Cl_BCDE_isomer_3";"C12H4Br5ClO";"mixed";;;"unknown";"B/CDE";"Manual - Congener Group";"NA";"Delphinus delphis blubber, Atlantic Ocean, 2006";"GCxGC-TOF, electron impact";"Co-elution with PBDE (5Br) isomer."
1857.5;2.914;"FALSE";2.914;"diphenyl ether Br5Cl (B/CDE) isomer 4";"Br5Cl_BCDE_isomer_4";"C12H4Br5ClO";"mixed";;;"unknown";"B/CDE";"Manual - Congener Group";"NA";"Delphinus delphis blubber, Atlantic Ocean, 2006";"GCxGC-TOF, electron impact";
1178.5;0.779;"FALSE";0.779;"pentachloroethylbenzene";"pentachloroethylbenzene";"C8H5Cl5";"chlorinated";647;708;"unknown";"ethylbenzene";"Reference Database MS";"NA";"Delphinus delphis blubber, Atlantic Ocean, 2006";"GCxGC-TOF, electron impact";
1318.5;1.252;"FALSE";1.252;"hexachloroethylbenzene";"hexachloro_ethylbenzene";"C8H4Cl6";"chlorinated";;;"unknown";"ethylbenzene";"Manual - Congener Group";"NA";"Delphinus delphis blubber, Atlantic Ocean, 2006";"GCxGC-TOF, electron impact";
1777;2.614;"FALSE";2.614;"tetraphenyltin";"tetraphenyltin";"C24H20Sn";"none";862;904;"anthropogenic";"organotin";"Reference Database MS";"NA";"Delphinus delphis blubber, Atlantic Ocean, 2006";"GCxGC-TOF, electron impact";
1392;1.85;"FALSE";1.85;"unknown 1-1";"unknown_1_1";"C9H6OBr3Cl";"mixed";;;"unknown";"unknown";"Literature MS";"UG1";"Delphinus delphis blubber, Atlantic Ocean, 2006";"GCxGC-TOF, electron impact";"Ref: ES&T, 2009, 43, 3240-3247. Unknowns 1-(1-4) seem to share the same backbone."
1514.5;2.189;"FALSE";2.189;"unknown 1-2";"unknown_1_2";"C9H6OBr4Cl";"mixed";;;"unknown";"unknown";"Literature MS";"UG1";"Delphinus delphis blubber, Atlantic Ocean, 2006";"GCxGC-TOF, electron impact";"Ref: ES&T, 2009, 43, 3240-3247. Unknowns 1-(1-4) seem to share the same backbone."
1567;2.553;"FALSE";2.553;"unknown 1-3";"unknown_1_3";"C9H6OBr4Cl";"mixed";;;"unknown";"unknown";"Literature MS";"UG1";"Delphinus delphis blubber, Atlantic Ocean, 2006";"GCxGC-TOF, electron impact";"Ref: ES&T, 2009, 43, 3240-3247. Unknowns 1-(1-4) seem to share the same backbone."
1668.5;3.128;"FALSE";3.128;"unknown 1-4";"unknown_1_4";"C9H6OBr5Cl";"mixed";;;"unknown";"unknown";"Literature MS";"UG1";"Delphinus delphis blubber, Atlantic Ocean, 2006";"GCxGC-TOF, electron impact";"Ref: ES&T, 2009, 43, 3240-3247. Unknowns 1-(1-4) seem to share the same backbone."
1539;1.697;"FALSE";1.697;"unknown 2-1";"unknown_2_1";"C9H8OBr4Cl";"mixed";;;"unknown";"unknown";"Manual";"UG2";"Delphinus delphis blubber, Atlantic Ocean, 2006";"GCxGC-TOF, electron impact";"Related to unknown 1 family of compounds."
1539;1.828;"FALSE";1.828;"unknown 2-2";"unknown_2_2";"C9H8OBr4Cl";"mixed";;;"unknown";"unknown";"Manual";"UG2";"Delphinus delphis blubber, Atlantic Ocean, 2006";"GCxGC-TOF, electron impact";"Related to unknown 1 family of compounds."
1672;2.387;"FALSE";2.387;"unknown 2-3";"unknown_2_3";"C9H8OBr5Cl";"mixed";;;"unknown";"unknown";"Manual";"UG2";"Delphinus delphis blubber, Atlantic Ocean, 2006";"GCxGC-TOF, electron impact";"Related to unknown 1 family of compounds."
1458.5;0.703;"FALSE";0.703;"unknown 3-1";"unknown_3_1";"NA";"chlorinated";;;"unknown";"unknown";"Unknown";"UG3";"Delphinus delphis blubber, Atlantic Ocean, 2006";"GCxGC-TOF, electron impact";"PM = Possible Molecular Ion, Frag = Fragment Ion. Unknowns 3-(1-3) are related."
1518;0.693;"FALSE";0.693;"unknown 3-2";"unknown_3_2";"NA";"chlorinated";;;"unknown";"unknown";"Unknown";"UG3";"Delphinus delphis blubber, Atlantic Ocean, 2006";"GCxGC-TOF, electron impact";"PM = Possible Molecular Ion, Frag = Fragment Ion. Unknowns 3-(1-3) are related."
1616;1.281;"FALSE";1.281;"unknown 3-3";"unknown_3_3";"NA";"chlorinated";;;"unknown";"unknown";"Unknown";"UG3";"Delphinus delphis blubber, Atlantic Ocean, 2006";"GCxGC-TOF, electron impact";"PM = Possible Molecular Ion, Frag = Fragment Ion. Unknowns 3-(1-3) are related."
1931;2.882;"FALSE";2.882;"unknown 4-1";"unknown_4_1";"NA";"brominated";;;"unknown";"unknown";"Unknown";"UG4";"Delphinus delphis blubber, Atlantic Ocean, 2006";"GCxGC-TOF, electron impact";"PM = Possible Molecular Ion. Unknowns 4-(1-4) seem to share the same backbone."
1959;3.321;"FALSE";3.321;"unknown 4-2";"unknown_4_2";"NA";"mixed";;;"unknown";"unknown";"Unknown";"UG4";"Delphinus delphis blubber, Atlantic Ocean, 2006";"GCxGC-TOF, electron impact";"PM = Possible Molecular Ion. Unknowns 4-(1-4) seem to share the same backbone."
1976.5;0.431;"TRUE";3.931;"unknown 4-3";"unknown_4_3";"NA";"mixed";;;"unknown";"unknown";"Unknown";"UG4";"Delphinus delphis blubber, Atlantic Ocean, 2006";"GCxGC-TOF, electron impact";"PM = Possible Molecular Ion. Unknowns 4-(1-4) seem to share the same backbone."
2018.5;2.764;"FALSE";2.764;"unknown 4-4";"unknown_4_4";"NA";"brominated";;;"unknown";"unknown";"Unknown";"UG4";"Delphinus delphis blubber, Atlantic Ocean, 2006";"GCxGC-TOF, electron impact";"PM = Possible Molecular Ion. Unknowns 4-(1-4) seem to share the same backbone."
2099;0.159;"FALSE";3.659;"unknown 5";"unknown_5";"C13H8Br4O4";"brominated";;;"natural";"unknown";"Literature MS";"NA";"Delphinus delphis blubber, Atlantic Ocean, 2006";"GCxGC-TOF, electron impact";"Ref: ES&T, 2009, 43, 3240-3247. Possible structure shown."
1273;1.248;"FALSE";1.248;"unknown 6";"unknown_6";"NA";"chlorinated";;;"unknown";"unknown";"Unknown";"NA";"Delphinus delphis blubber, Atlantic Ocean, 2006";"GCxGC-TOF, electron impact";"PM = Possible Molecular Ion"
1290.5;1.181;"FALSE";1.181;"unknown 7";"unknown_7";"NA";"chlorinated";;;"unknown";"unknown";"Unknown";"NA";"Delphinus delphis blubber, Atlantic Ocean, 2006";"GCxGC-TOF, electron impact";"Frag = Possible Fragment Ion"
1339.5;0.781;"FALSE";0.781;"unknown 8";"unknown_8";"NA";"chlorinated";;;"unknown";"unknown";"Unknown";"NA";"Delphinus delphis blubber, Atlantic Ocean, 2006";"GCxGC-TOF, electron impact";"PM = Possible Molecular Ion"
1378;1.407;"FALSE";1.407;"unknown 9";"unknown_9";"NA";"chlorinated";;;"unknown";"unknown";"Unknown";"NA";"Delphinus delphis blubber, Atlantic Ocean, 2006";"GCxGC-TOF, electron impact";"Frag1 and Frag2 = fragments"
1385;1.426;"FALSE";1.426;"unknown 10";"unknown_10";"NA";"chlorinated";;;"unknown";"unknown";"Unknown";"NA";"Delphinus delphis blubber, Atlantic Ocean, 2006";"GCxGC-TOF, electron impact";"PM = Possible Molecular Ion"
1395.5;2.19;"FALSE";2.19;"unknown 11";"unknown_11";"NA";"chlorinated";;;"unknown";"unknown";"Unknown";"NA";"Delphinus delphis blubber, Atlantic Ocean, 2006";"GCxGC-TOF, electron impact";"PM = Possible Molecular Ion. Contains chlorine."
1479.5;1.923;"FALSE";1.923;"unknown 12";"unknown_12";"NA";"chlorinated";;;"unknown";"unknown";"Unknown";"NA";"Delphinus delphis blubber, Atlantic Ocean, 2006";"GCxGC-TOF, electron impact";"PM = Possible Molecular Ion, Frag = Fragment Ion"
1612.5;1.831;"FALSE";1.831;"unknown 13";"unknown_13";"NA";"chlorinated";;;"unknown";"unknown";"Unknown";"NA";"Delphinus delphis blubber, Atlantic Ocean, 2006";"GCxGC-TOF, electron impact";"PM = Possible Molecular Ion"
1840;2.918;"FALSE";2.918;"unknown 14";"unknown_14";"NA";"chlorinated";;;"unknown";"unknown";"Unknown";"NA";"Delphinus delphis blubber, Atlantic Ocean, 2006";"GCxGC-TOF, electron impact";"PM = Possible Molecular Ion, Frag = Fragment Ion"
1847;0.401;"TRUE";3.901;"unknown 15";"unknown_15";"NA";"mixed";;;"unknown";"unknown";"Unknown";"NA";"Delphinus delphis blubber, Atlantic Ocean, 2006";"GCxGC-TOF, electron impact";"PM = Possible Molecular Ion. Contains Br7Cl."
1948.5;5.491;"FALSE";1.991;"unknown 16";"unknown_16";"NA";"brominated";;;"unknown";"unknown";"Unknown";"NA";"Delphinus delphis blubber, Atlantic Ocean, 2006";"GCxGC-TOF, electron impact";"PM = Possible Molecular Ion, Frag = Fragment Ion"
1980;3.118;"FALSE";3.118;"unknown 17";"unknown_17";"NA";"brominated";;;"unknown";"unknown";"Unknown";"NA";"Delphinus delphis blubber, Atlantic Ocean, 2006";"GCxGC-TOF, electron impact";"PM = Possible Molecular Ion"
